model,rmse,mae,r2
Linear Regression,7.281919408345979,5.7735551683667365,0.959371706361543
Ridge Regression,7.281899017078956,5.773580822410948,0.9593719339007886
Random Forest Regressor,5.789559489079143,4.609892409351188,0.9743180563990107
MLP Regressor,5.093039117811599,4.0795431851162745,0.9801257444389946
